{"cameraMode":{"drawMode":0,"name":"Shaded","section":"Shading Mode"},"sceneLighting":false,"audioPlay":false,"sceneViewState":{"m_AlwaysRefresh":false,"showFog":true,"showSkybox":false,"showFlares":true,"showImageEffects":true,"showParticleSystems":true,"showVisualEffectGraphs":true,"m_FxEnabled":true},"in2DMode":false,"pivot":{"x":13.140000343322754,"y":1.3499999046325684,"z":16.18000030517578},"rotation":{"x":-0.33876660466194155,"y":0.6288245320320129,"z":-0.35224249958992007,"w":-0.6047681570053101},"size":1.2247447967529297,"orthographic":false}